{
	"pattrstorage" : 	{
		"name" : "matrix-storage",
		"slots" : 		{
			"1" : 			{
				"id" : 1,
				"name" : "mono in vimic out",
				"data" : 				{
					"matrix" : [ 0, 8, 1, 0, 9, 1, 0, 10, 1, 0, 11, 1, 0, 12, 1, 0, 13, 1, 0, 14, 1, 0, 15, 1, 8, 14, 1, 8, 16, 1, 9, 15, 1, 9, 17, 1, 10, 14, 1, 10, 16, 1, 11, 15, 1, 11, 17, 1, 12, 16, 1, 13, 17, 1, 14, 16, 1, 15, 17, 1 ]
				}

			}
,
			"2" : 			{
				"id" : 2,
				"name" : "stereo in vimic out",
				"data" : 				{
					"matrix" : [ 0, 8, 1, 0, 10, 1, 0, 12, 1, 0, 14, 1, 0, 16, 1, 1, 9, 1, 1, 11, 1, 1, 13, 1, 1, 15, 1, 1, 17, 1, 8, 14, 1, 8, 16, 1, 9, 15, 1, 9, 17, 1, 10, 14, 1, 10, 16, 1, 11, 15, 1, 11, 17, 1, 12, 16, 1, 13, 17, 1, 14, 16, 1, 15, 17, 1 ]
				}

			}

		}

	}

}
