<?xml version='1.0' encoding='iso-8859-1' standalone='yes' ?>

<jamoma version='0.4'
		xmlns:xsi='http://www.w3.org/2001/XMLSchema-instance'
		xsi:schemaLocation='http://jamoma.org/ file:jamoma.xsd'
>
  <preset number='1' name='default'>
    <item name='bypass' type='boolean' priority='0'>0</item>
    <item name='dimensions' type='integer' priority='0'>2</item>
    <item name='listen' type='boolean' priority='0'>1</item>
    <item name='mirror/active' type='boolean' priority='0'>0</item>
    <item name='mirror/angle' type='array' priority='0'>0.000000 0.000000 0.000000 </item>
    <item name='numSources' type='integer' priority='0'>10</item>
    <item name='offset' type='integer' priority='0'>0</item>
    <item name='order' type='array' priority='0'>stretch random translate skew rotate </item>
    <item name='random/factor' type='array' priority='0'>0.000000 0.000000 0.000000 </item>
    <item name='random/mode' type='integer' priority='0'>0</item>
    <item name='random' type='string' priority='0'>0</item>
    <item name='rotate/active' type='boolean' priority='0'>1</item>
    <item name='rotate/pitch' type='decimal' priority='0'>0</item>
    <item name='rotate/reference' type='array' priority='0'>0.000000 0.000000 0.000000 </item>
    <item name='rotate/roll' type='decimal' priority='0'>0</item>
    <item name='rotate/yaw' type='decimal' priority='0'>0</item>
    <item name='skew/active' type='boolean' priority='0'>1</item>
    <item name='skew/angle' type='array' priority='0'>0.000000 0.000000 0.000000 0.000000 0.000000 0.000000 </item>
    <item name='stretch/active' type='boolean' priority='0'>1</item>
    <item name='stretch/factor' type='decimal' priority='0'>1.000000</item>
    <item name='stretch/reference' type='array' priority='0'>0</item>
    <item name='translate/active' type='boolean' priority='0'>1</item>
    <item name='translate/x' type='decimal' priority='0'>0</item>
    <item name='translate/y' type='decimal' priority='0'>0</item>
    <item name='translate/z' type='decimal' priority='0'>0</item>
    <item name='view/freeze' type='boolean' priority='0'>0</item>
    <item name='view/color/border' type='array' priority='0'>0</item>
    <item name='view/color/contentBackground' type='array' priority='0'>0</item>
    <item name='view/color/toolbarBackground' type='array' priority='0'>0</item>
    <item name='view/color/toolbarText' type='array' priority='0'>0</item>
  </preset> 
</jamoma>
