<?xml version='1.0' encoding='UTF-8' standalone='yes'?>
<root>
<refpage name='bach.append.maxref.xml'/>
<refpage name='bach.args.maxref.xml'/>
<refpage name='bach.arithmser.maxref.xml'/>
<refpage name='bach.cartesianprod.maxref.xml'/>
<refpage name='bach.collect.maxref.xml'/>
<refpage name='bach.comb.maxref.xml'/>
<refpage name='bach.constraints.maxref.xml'/>
<refpage name='bach.contains.maxref.xml'/>
<refpage name='bach.defer.maxref.xml'/>
<refpage name='bach.deferlow.maxref.xml'/>
<refpage name='bach.delace.maxref.xml'/>
<refpage name='bach.depth.maxref.xml'/>
<refpage name='bach.diff.maxref.xml'/>
<refpage name='bach.eq.maxref.xml'/>
<refpage name='bach.expr.maxref.xml'/>
<refpage name='bach.factorize.maxref.xml'/>
<refpage name='bach.find.maxref.xml'/>
<refpage name='bach.flat.maxref.xml'/>
<refpage name='bach.geomser.maxref.xml'/>
<refpage name='bach.geq.maxref.xml'/>
<refpage name='bach.group.maxref.xml'/>
<refpage name='bach.gt.maxref.xml'/>
<refpage name='bach.insert.maxref.xml'/>
<refpage name='bach.intersection.maxref.xml'/>
<refpage name='bach.is.maxref.xml'/>
<refpage name='bach.iter.maxref.xml'/>
<refpage name='bach.keys.maxref.xml'/>
<refpage name='bach.lace.maxref.xml'/>
<refpage name='bach.length.maxref.xml'/>
<refpage name='bach.leq.maxref.xml'/>
<refpage name='bach.life.maxref.xml'/>
<refpage name='bach.lt.maxref.xml'/>
<refpage name='bach.mapelem.maxref.xml'/>
<refpage name='bach.minmax.maxref.xml'/>
<refpage name='bach.neq.maxref.xml'/>
<refpage name='bach.nth.maxref.xml'/>
<refpage name='bach.pack.maxref.xml'/>
<refpage name='bach.perm.maxref.xml'/>
<refpage name='bach.pick.maxref.xml'/>
<refpage name='bach.pipe.maxref.xml'/>
<refpage name='bach.portal.maxref.xml'/>
<refpage name='bach.post.maxref.xml'/>
<refpage name='bach.prime.maxref.xml'/>
<refpage name='bach.primeser.maxref.xml'/>
<refpage name='bach.print.maxref.xml'/>
<refpage name='bach.pv.maxref.xml'/>
<refpage name='bach.read.maxref.xml'/>
<refpage name='bach.readsdif.maxref.xml'/>
<refpage name='bach.reg.maxref.xml'/>
<refpage name='bach.reshape.maxref.xml'/>
<refpage name='bach.rev.maxref.xml'/>
<refpage name='bach.rot.maxref.xml'/>
<refpage name='bach.scramble.maxref.xml'/>
<refpage name='bach.shelf.maxref.xml'/>
<refpage name='bach.slice.maxref.xml'/>
<refpage name='bach.sort.maxref.xml'/>
<refpage name='bach.step.maxref.xml'/>
<refpage name='bach.subs.maxref.xml'/>
<refpage name='bach.swap.maxref.xml'/>
<refpage name='bach.symdiff.maxref.xml'/>
<refpage name='bach.thin.maxref.xml'/>
<refpage name='bach.trans.maxref.xml'/>
<refpage name='bach.tree.maxref.xml'/>
<refpage name='bach.union.maxref.xml'/>
<refpage name='bach.value.maxref.xml'/>
<refpage name='bach.weights.maxref.xml'/>
<refpage name='bach.wrap.maxref.xml'/>
<refpage name='bach.write.maxref.xml'/>
<refpage name='bach.writesdif.maxref.xml'/>
<refpage name='bach.adj.maxref.xml'/>
<refpage name='bach.bachtree2omtree.maxref.xml'/>
<refpage name='bach.beatbox.maxref.xml'/>
<refpage name='bach.beatunbox.maxref.xml'/>
<refpage name='bach.circle.maxref.xml'/>
<refpage name='bach.derive.maxref.xml'/>
<refpage name='bach.diag.maxref.xml'/>
<refpage name='bach.dict2llll.maxref.xml'/>
<refpage name='bach.eig.maxref.xml'/>
<refpage name='bach.extractbasis.maxref.xml'/>
<refpage name='bach.fft.maxref.xml'/>
<refpage name='bach.float2rat.maxref.xml'/>
<refpage name='bach.gausselim.maxref.xml'/>
<refpage name='bach.graph.maxref.xml'/>
<refpage name='bach.hypercomment.maxref.xml'/>
<refpage name='bach.integrate.maxref.xml'/>
<refpage name='bach.ivec.maxref.xml'/>
<refpage name='bach.linearsolve.maxref.xml'/>
<refpage name='bach.llll2dict.maxref.xml'/>
<refpage name='bach.mc2n.maxref.xml'/>
<refpage name='bach.minfo.maxref.xml'/>
<refpage name='bach.mtimes.maxref.xml'/>
<refpage name='bach.n2mc.maxref.xml'/>
<refpage name='bach.omtree2bachtree.maxref.xml'/>
<refpage name='bach.poset.maxref.xml'/>
<refpage name='bach.primeform.maxref.xml'/>
<refpage name='bach.quantize.maxref.xml'/>
<refpage name='bach.ratnum.maxref.xml'/>
<refpage name='bach.reducefunction.maxref.xml'/>
<refpage name='bach.roll.maxref.xml'/>
<refpage name='bach.score.maxref.xml'/>
<refpage name='bach.submatrix.maxref.xml'/>
<refpage name='bach.tonnetz.maxref.xml'/>
<refpage name='bach.trace.maxref.xml'/>
<refpage name='bach.tree.maxref.xml'/>
<refpage name='bach.slot.maxref.xml'/>
<refpage name='bach.wordcloud.maxref.xml'/>
<refpage name='bach.zsearch.maxref.xml'/>
<refpage name='bach.+.maxref.xml'/>
<refpage name='bach.-.maxref.xml'/>
<refpage name='bach.abs.maxref.xml'/>
<refpage name='bach.autoscale.maxref.xml'/>
<refpage name='bach.bitdecode.maxref.xml'/>
<refpage name='bach.clip.maxref.xml'/>
<refpage name='bach.div.maxref.xml'/>
<refpage name='bach.dl2curve.maxref.xml'/>
<refpage name='bach.dl2line.maxref.xml'/>
<refpage name='bach.dx2x.maxref.xml'/>
<refpage name='bach.filter.maxref.xml'/>
<refpage name='bach.filternull.maxref.xml'/>
<refpage name='bach.interp.maxref.xml'/>
<refpage name='bach.lookup.maxref.xml'/>
<refpage name='bach.mapelem.maxref.xml'/>
<refpage name='bach.maximum.maxref.xml'/>
<refpage name='bach.mc2r.maxref.xml'/>
<refpage name='bach.minimum.maxref.xml'/>
<refpage name='bach.mod.maxref.xml'/>
<refpage name='bach.pow.maxref.xml'/>
<refpage name='bach.prepend.maxref.xml'/>
<refpage name='bach.prod.maxref.xml'/>
<refpage name='bach.r2mc.maxref.xml'/>
<refpage name='bach.rdiv.maxref.xml'/>
<refpage name='bach.repeat.maxref.xml'/>
<refpage name='bach.replace.maxref.xml'/>
<refpage name='bach.rminus.maxref.xml'/>
<refpage name='bach.round.maxref.xml'/>
<refpage name='bach.scale.maxref.xml'/>
<refpage name='bach.sieve.maxref.xml'/>
<refpage name='bach.sum.maxref.xml'/>
<refpage name='bach.times.maxref.xml'/>
<refpage name='bach.x2dx.maxref.xml'/>
<refpage name='bach.belong.maxref.xml'/>
<refpage name='bach.bin.maxref.xml'/>
<refpage name='bach.cartopol.maxref.xml'/>
<refpage name='bach.change.maxref.xml'/>
<refpage name='bach.chordrev.maxref.xml'/>
<refpage name='bach.chordrot.maxref.xml'/>
<refpage name='bach.combinevoices.maxref.xml'/>
<refpage name='bach.compl.maxref.xml'/>
<refpage name='bach.convertbase.maxref.xml'/>
<refpage name='bach.coprime.maxref.xml'/>
<refpage name='bach.coprimeser.maxref.xml'/>
<refpage name='bach.counter.maxref.xml'/>
<refpage name='bach.cross.maxref.xml'/>
<refpage name='bach.det.maxref.xml'/>
<refpage name='bach.divisors.maxref.xml'/>
<refpage name='bach.drip.maxref.xml'/>
<refpage name='bach.dsort.maxref.xml'/>
<refpage name='bach.ezmidiplay.maxref.xml'/>
<refpage name='bach.f2mc.maxref.xml'/>
<refpage name='bach.fact.maxref.xml'/>
<refpage name='bach.fromc&amp;r.maxref.xml'/>
<refpage name='bach.funnel.maxref.xml'/>
<refpage name='bach.gcd.maxref.xml'/>
<refpage name='bach.getcol.maxref.xml'/>
<refpage name='bach.getrow.maxref.xml'/>
<refpage name='bach.histo.maxref.xml'/>
<refpage name='bach.idmatrix.maxref.xml'/>
<refpage name='bach.idvector.maxref.xml'/>
<refpage name='bach.ifunc.maxref.xml'/>
<refpage name='bach.im.maxref.xml'/>
<refpage name='bach.inv.maxref.xml'/>
<refpage name='bach.istruct.maxref.xml'/>
<refpage name='bach.ker.maxref.xml'/>
<refpage name='bach.keychain.maxref.xml'/>
<refpage name='bach.kurtosis.maxref.xml'/>
<refpage name='bach.lcm.maxref.xml'/>
<refpage name='bach.m2jitcellblock.maxref.xml'/>
<refpage name='bach.m2matrixctrl.maxref.xml'/>
<refpage name='bach.mapchord.maxref.xml'/>
<refpage name='bach.matrixctrl2m.maxref.xml'/>
<refpage name='bach.mc2f.maxref.xml'/>
<refpage name='bach.mc2pc.maxref.xml'/>
<refpage name='bach.mcapprox.maxref.xml'/>
<refpage name='bach.mean.maxref.xml'/>
<refpage name='bach.median.maxref.xml'/>
<refpage name='bach.mod+.maxref.xml'/>
<refpage name='bach.mod-.maxref.xml'/>
<refpage name='bach.modtimes.maxref.xml'/>
<refpage name='bach.mono.maxref.xml'/>
<refpage name='bach.mpow.maxref.xml'/>
<refpage name='bach.mrandom.maxref.xml'/>
<refpage name='bach.nearest.maxref.xml'/>
<refpage name='bach.norm.maxref.xml'/>
<refpage name='bach.normalize.maxref.xml'/>
<refpage name='bach.pad.maxref.xml'/>
<refpage name='bach.partition.maxref.xml'/>
<refpage name='bach.path2llll.maxref.xml'/>
<refpage name='bach.pc2mc.maxref.xml'/>
<refpage name='bach.pcsetinfo.maxref.xml'/>
<refpage name='bach.period.maxref.xml'/>
<refpage name='bach.poltocar.maxref.xml'/>
<refpage name='bach.quantiles.maxref.xml'/>
<refpage name='bach.random.maxref.xml'/>
<refpage name='bach.randomdrip.maxref.xml'/>
<refpage name='bach.rank.maxref.xml'/>
<refpage name='bach.reduce.maxref.xml'/>
<refpage name='bach.restrot.maxref.xml'/>
<refpage name='bach.score2roll.maxref.xml'/>
<refpage name='bach.skewness.maxref.xml'/>
<refpage name='bach.sliceheader.maxref.xml'/>
<refpage name='bach.slot2curve.maxref.xml'/>
<refpage name='bach.slot2filtercoeff.maxref.xml'/>
<refpage name='bach.slot2function.maxref.xml'/>
<refpage name='bach.slot2line.maxref.xml'/>
<refpage name='bach.split.maxref.xml'/>
<refpage name='bach.stdev.maxref.xml'/>
<refpage name='bach.tierev.maxref.xml'/>
<refpage name='bach.toc&amp;r.maxref.xml'/>
<refpage name='bach.transcribe.maxref.xml'/>
<refpage name='bach.unpacknote.maxref.xml'/>
<refpage name='bach.urn.maxref.xml'/>
<refpage name='bach.variance.maxref.xml'/>
<refpage name='bach.wellshape.maxref.xml'/>
<refpage name='bach.wrandom.maxref.xml'/>
<refpage name='bach.wurn.maxref.xml'/>
</root>
