<?xml version="1.0" encoding="utf-8" standalone="yes"?>
<?xml-stylesheet href="./_c74_ref.xsl" type="text/xsl"?>

<c74object name="o.collect" module="odot">

	<digest>
		Collect OSC messages to be bundled together
	</digest>

	<description>
		o.collect collects OSC and OSC-style Max messages to be bundled together and output on bang.  When the bundle is output, the internal buffer is cleared.
	</description>

	<!--METADATA-->
	<metadatalist>
		<metadata name="author">CNMAT</metadata>
		<metadata name="tag">odot</metadata>
		<metadata name="tag">odot objects</metadata>
	</metadatalist>

	<!--INLETS-->
	<inletlist>
		<inlet id="0" type="FullPacket">
			<digest>
				odot bundle
			</digest>
			<description>
				o.collect will append the addresses of an incoming odot bundle to its internal contents to be banged out at a later time. If addresses already exist in o.collect, they will be overwritten.
			</description>
		</inlet>
	</inletlist>

	<!--OUTLETS-->
	<outletlist>
		<outlet id="0" type="FullPacket">
			<digest>
				odot bundle with collected addresses and values
			</digest>
			<description>
				o.collect will output one bundle containing the addresses and values of all of the bundles that have been passed into it.
			</description>
		</outlet>
	</outletlist>

	<!--MESSAGES-->
	<methodlist>
		<method name="FullPacket [variable]">
			<arglist />
			<digest>
				An odot bundle to add to the collection.
			</digest>
			<description>
				o.collect adds an incoming bundle's addresses and values to a collection. In the case of duplicate addresses, most recent bundle's data will overwrite earlier data. Use bang to generate output.
			</description>
		</method>
		<method name="anything [variable]">
			<arglist />
			<digest>
				A Max message containing OSC addresses and values to be transcoded to an odot bundle
			</digest>
			<description>
				Converts the incoming Max message to an odot bundle, and performs the FullPacket operation of the object.
			</description>
		</method>
		<method name="bang">
			<arglist />
			<digest>
				Flush contents				
			</digest>
			<description>
				Outputs the bundle containing all of the addresses of all the bundles sent to o.collect since the previous bang. Bang resets the internal state of o.collect to an empty bundle.
			</description>
		</method>
		<method name="dictionary [variable]">
			<arglist />
			<digest>
				A Max dictionary to be transcoded to an odot bundle
			</digest>
			<description>
				Converts the incoming Max dictionary to an odot bundle, and performs the FullPacket operation of the object.
			</description>
		</method>
		<method name="doc">
			<arglist />
			<digest>
				Output an odot bundle containing the documentation of the object
			</digest>
			<description>
				Outputs an odot bundle containing object name, short and long descriptions of object operation, inlet and outlet information, and see also (where available).
			</description>
		</method>
		<method name="version">
			<arglist />
			<digest>
				Get current version information.
			</digest>
			<description>
				Prints the current odot build version to the Max Window.
			</description>
		</method>
	</methodlist>

	<!--DISCUSSION-->
	<discussion>
	</discussion>

	<!--SEEALSO-->
	<seealsolist>
		<seealso name="zl group" />
	</seealsolist>

	<misc name = "Input">
		<entry name ="Inlet 1 (FullPacket)">
			<description>
				An odot bundle to add to the collection.
			</description>
		</entry>
	</misc>

	<misc name = "Output">
		<entry name ="Outlet 1 (FullPacket)">
			<description>
				The resulting odot bundle (FullPacket).
			</description>
		</entry>
	</misc>

	<misc name = "Discussion">
		<entry name ="More details">
			<description>
			</description>
		</entry>
		<entry name ="Keywords">
			<description>
				odot, address, bundle
			</description>
		</entry>
	</misc>

</c74object>