<?xml version="1.0" encoding="utf-8" standalone="yes"?>
<?xml-stylesheet href="./_c74_ref.xsl" type="text/xsl"?>

<c74object name="o.display" module="odot">

	<digest>
		Display incoming odot bundles
	</digest>

	<description>
		o.display displays odot bundles in text form and passes them through to its outlet.
	</description>

	<!--METADATA-->
	<metadatalist>
		<metadata name="author">CNMAT</metadata>
		<metadata name="tag">odot</metadata>
		<metadata name="tag">odot objects</metadata>
	</metadatalist>

	<!--INLETS-->
	<inletlist>
		<inlet id="0" type="FullPacket">
			<digest>
				odot bundle
			</digest>
			<description>
				An odot bundle to be displayed
			</description>
		</inlet>
	</inletlist>

	<!--OUTLETS-->
	<outletlist>
		<outlet id="0" type="FullPacket">
			<digest>
				odot bundle (same as the input)
			</digest>
			<description>
				The input is passed through unchanged.
			</description>
		</outlet>
	</outletlist>

	<!--MESSAGES-->
	<methodlist>
		<method name="FullPacket [variable]">
			<arglist />
			<digest>
				An odot bundle to be displayed
			</digest>
			<description>
				o.display pretty-prints an incoming odot bundle within its box and outputs the input unchanged. 
			</description>
		</method>
		<method name="dictionary [variable]">
			<arglist />
			<digest>
				A Max dictionary to be displayed
			</digest>
			<description>
				o.display converts the dictionary into an odot bundle, displays the odotified dictionary, and outputs the odot bundle.
			</description>
		</method>
		<method name="doc">
			<arglist />
			<digest>
				Output an odot bundle containing the documentation of the object
			</digest>
			<description>
				Outputs an odot bundle containing object name, short and long descriptions of object operation, inlet and outlet information, and see also (where available).
			</description>
		</method>
		<method name="version">
			<arglist />
			<digest>
				Get current version information
			</digest>
			<description>
				Prints the current odot build version to the Max Window.
			</description>
		</method>
	</methodlist>

	<!--DISCUSSION-->
	<discussion>
		Similar to o.print, o.display is used in debugging. o.display displays the last received bundle only. The dot in the upper-right corner is triggered by valid input to the object, and helps differentiate a lack of change in the incoming data from a lack of incoming data.
	</discussion>

	<!--SEEALSO-->
	<seealsolist>
		<seealso name="o.compose" />
		<seealso name="o.expr.codebox" />
		<seealso name="o.print" />
		<seealso name="o.printbytes" />
	</seealsolist>

	<misc name = "Input">
		<entry name ="Inlet 1 (FullPacket)">
			<description>
				An odot bundle to display
			</description>
		</entry>
	</misc>

	<misc name = "Output">
		<entry name ="Outlet 1 (FullPacket)">
			<description>
				The object works as a pass-through for input, with the exception of its transcoding of Max dictionaries (FullPacket).
			</description>
		</entry>
	</misc>

	<misc name = "Discussion">
		<entry name ="More details">
			<description>
				Similar to o.print, o.display is used in debugging. o.display displays the last received bundle only. The dot in the upper-right corner is triggered by valid input to the object, and helps differentiate a lack of change in the incoming data from a lack of incoming data.
			</description>
		</entry>
		<entry name ="Keywords">
			<description>
				odot, address, bundle
			</description>
		</entry>
	</misc>

</c74object>