<?xml version="1.0" encoding="utf-8" standalone="yes"?>
<?xml-stylesheet href="./_c74_ref.xsl" type="text/xsl"?>

<c74object name="o.edge~" module="odot">

	<digest>
		Report transitions between 0 and non-zero
	</digest>

	<description>
		o.edge~ is similar to edge~. It reports all zero to non-zero and non-zero to zero transitions that occur in a signal vector.
	</description>

	<!--METADATA-->
	<metadatalist>
		<metadata name="author">CNMAT</metadata>
		<metadata name="tag">odot</metadata>
		<metadata name="tag">odot objects</metadata>
	</metadatalist>

	<!--INLETS-->
	<inletlist>
		<inlet id="0" type="signal">
			<digest>
				signal
			</digest>
			<description>
				Audio signal
			</description>
		</inlet>
	</inletlist>

	<!--OUTLETS-->
	<outletlist>
		<outlet id="0" type="FullPacket">
			<digest>
				odot bundle report of transitions
			</digest>
			<description>
				An odot bundle containing report of all zero to non-zero and non-zero to zero transitions occurred in a signal vector.
			</description>
		</outlet>
	</outletlist>

	<!--MESSAGES-->
	<methodlist>
		<method name="signal">
			<arglist />
			<digest>
				signal
			</digest>
			<description>
				Audio signal input will be processed, resulting in an odot bundle containing the report of zero-to-non-zero transitions.
			</description>
		</method>
		<method name="doc">
			<arglist />
			<digest>
				Output an odot bundle containing the documentation of the object
			</digest>
			<description>
				Outputs an odot bundle containing object name, short and long descriptions of object operation, inlet and outlet information, and see also (where available).
			</description>
		</method>
		<method name="version">
			<arglist />
			<digest>
				Get current version information.
			</digest>
			<description>
				Prints the current odot build version to the Max Window.
			</description>
		</method>
	</methodlist>

	<!--DISCUSSION-->
	<discussion>
		o.edge~ produces reports containing:
		<ul>
			<li>/zerotononzero/time : time tag when zero to non zero transition occurred</li>
			<li>/zerotononzero/sample/withinblock : the sample number in a signal vector block when transition occurred</li>
			<li>/zerotononzero/sample/sincedspstart : the sample number in the signal since the beginning of the DSP computation</li>
		</ul>
		Identical reports are produced for /nonzerotozero for monitoring non-zero to zero transitions.
	</discussion>

	<!--SEEALSO-->
	<seealsolist>
		<seealso name="edge~" />
	</seealsolist>

	<misc name = "Input">
		<entry name ="Inlet 1 (signal)">
			<description>
				Audio signal.
			</description>
		</entry>
	</misc>

	<misc name = "Output">
		<entry name ="Outlet 1 (FullPacket)">
			<description>
				An odot bundle containing report of all zero to non-zero and non-zero to zero transitions occurred in a signal vector. (FullPacket)
			</description>
		</entry>
	</misc>

	<misc name = "Discussion">
		<entry name ="More details">
			<description>
				o.edge~ produces reports containing:
				<ul>
					<li>/zerotononzero/time : time tag when zero to non zero transition occurred</li>
					<li>/zerotononzero/sample/withinblock : the sample number in a signal vector block when transition occurred</li>
					<li>/zerotononzero/sample/sincedspstart : the sample number in the signal since the beginning of the DSP computation</li>
				</ul>
				Identical reports are produced for /nonzerotozero for monitoring non-zero to zero transitions.
			</description>
		</entry>
		<entry name ="Keywords">
			<description>
				odot, address, bundle
			</description>
		</entry>
	</misc>

</c74object>