<?xml version="1.0" encoding="utf-8" standalone="yes"?>
<?xml-stylesheet href="./_c74_ref.xsl" type="text/xsl"?>

<c74object name="o.flatten" module="odot">

	<digest>
		Flatten the address hierarchy in nested bundles
	</digest>

	<description>
		o.flatten takes messages out of nested bundles and inserts them into the top level bundle. It is the opposite of o.explode.
	</description>

	<!--METADATA-->
	<metadatalist>
		<metadata name="author">CNMAT</metadata>
		<metadata name="tag">odot</metadata>
		<metadata name="tag">odot objects</metadata>
	</metadatalist>

	<!--INLETS-->
	<inletlist>
		<inlet id="0" type="INLET_TYPE">
			<digest>
				odot bundle
			</digest>
			<description>
				An odot bundle containing nested bundles (addresses containing bundles as data).
			</description>
		</inlet>
	</inletlist>

	<!--OUTLETS-->
	<outletlist>
		<outlet id="0" type="INLET_TYPE">
			<digest>
				A flattened odot bundle
			</digest>
			<description>
				The flattened odot bundle.
			</description>
		</outlet>
	</outletlist>

	<!--MESSAGES-->
	<methodlist>
		<method name="FullPacket [variable]">
			<arglist />
			<digest>
				An odot bundle to flatten
			</digest>
			<description>
				o.flatten removes the addresses containing subbundles from an incoming bundle, replacing them with the flat-name hierarchy of the contained subbundle. That is { /foo : { /bar : 1 } } will be flattened into { /foo/bar : 1 }.
			</description>
		</method>
		<method name="dictionary [variable]">
			<arglist />
			<digest>
				A Max dictionary
			</digest>
			<description>
				o.flatten converts a Max dictionary into an odot bundle and processes it as a FullPacket.
			</description>
		</method>
		<method name="doc">
			<arglist />
			<digest>
				Output an odot bundle containing the documentation of the object
			</digest>
			<description>
				Outputs an odot bundle containing object name, short and long descriptions of object operation, inlet and outlet information, and see also (where available).
			</description>
		</method>
		<method name="version">
			<arglist />
			<digest>
				Get current version information.
			</digest>
			<description>
				Prints the current odot build version to the Max Window.
			</description>
		</method>
	</methodlist>

	<!--DISCUSSION-->
	<discussion>
		o.flatten converts bundles containing subbundles into "flat" namespaces. To achieve this, it pulls out address names and values from each subbundle and appends them to the address containing the sub-bundle. For example, { /foo : { /bar : 1 } } passed to an instance of o.flatten will yield { /foo/bar : 1 } -- note the lack of a subbundle. If the subbundle contains multiple addresses or subbundles, o.flatten will flatten all of them: { /foo : { /bar : 1, /boo : 2, /bee : { /deep : 3 } } } will yield { /foo/bar : 1, /foo/boo : 2, /foo/bee/deep : 3 }.
	</discussion>

	<!--SEEALSO-->
	<seealsolist>
		<seealso name="o.explode" />
	</seealsolist>

	<misc name = "Input">
		<entry name ="Inlet 1 (FullPacket)">
			<description>
				An odot bundle to flatten.
			</description>
		</entry>
	</misc>

	<misc name = "Output">
		<entry name ="Outlet 1 (FullPacket)">
			<description>
				The flattened odot bundle (FullPacket).
			</description>
		</entry>
	</misc>

	<misc name = "Discussion">
		<entry name ="More details">
			<description>
				o.flatten converts bundles containing subbundles into "flat" namespaces. To achieve this, it pulls out address names and values from each subbundle and appends them to the address containing the sub-bundle. For example, { /foo : { /bar : 1 } } passed to an instance of o.flatten will yield { /foo/bar : 1 } -- note the lack of a subbundle. If the subbundle contains multiple addresses or subbundles, o.flatten will flatten all of them: { /foo : { /bar : 1, /boo : 2, /bee : { /deep : 3 } } } will yield { /foo/bar : 1, /foo/boo : 2, /foo/bee/deep : 3 }.
			</description>
		</entry>
		<entry name ="Keywords">
			<description>
				odot, address, bundle
			</description>
		</entry>
	</misc>

</c74object>