<?xml version="1.0" encoding="utf-8" standalone="yes"?>
<?xml-stylesheet href="./_c74_ref.xsl" type="text/xsl"?>

<c74object name="o.printbytes" module="odot">

	<digest>
		Print an OSC packet to the Max window as a sequence of bytes
	</digest>

	<description>
		o.printbytes prints the the contents of an OSC packet to the Max window in three columns: Byte number, ASCII Character, and Decimal value. Useful for debugging.
	</description>

	<!--METADATA-->
	<metadatalist>
		<metadata name="author">CNMAT</metadata>
		<metadata name="tag">odot</metadata>
		<metadata name="tag">odot objects</metadata>
	</metadatalist>

	<!--INLETS-->
	<inletlist>
		<inlet id="0" type="FullPacket">
			<digest>
				odot bundle
			</digest>
			<description>
				The odot bundle to be printed.
			</description>
		</inlet>
	</inletlist>

	<!--OUTLETS-->
	<outletlist>
		<outlet id="0" type="FullPacket">
			<digest>
				odot bundle
			</digest>
			<description>
				The incoming odot bundle, untouched.
			</description>
		</outlet>
	</outletlist>

	<!--MESSAGES-->
	<methodlist>
		<method name="FullPacket [variable]">
			<arglist />
			<digest>
				An odot bundle to be printed.
			</digest>
			<description>
				o.printbytes will print the individual bytes that make up an odot bundle to the Max window and will pass-through the input unchanged. Very useful for debugging OSC data.
			</description>
		</method>
		<method name="dictionary [variable]">
			<arglist />
			<digest>
				A Max dictionary to be printed
			</digest>
			<description>
				o.printbytes will convert the dictionary into an odot bundle, print the bytes of the odotified dictionary to the Max window, and will output the odot bundle.
			</description>
		</method>
		<method name="doc">
			<arglist />
			<digest>
				Output an odot bundle containing the documentation of the object
			</digest>
			<description>
				Outputs an odot bundle containing object name, short and long descriptions of object operation, inlet and outlet information, and see also (where available).
			</description>
		</method>
		<method name="version">
			<arglist />
			<digest>
				Get current version information.
			</digest>
			<description>
				Prints the current odot build version to the Max Window.
			</description>
		</method>
	</methodlist>

	<!--DISCUSSION-->
	<discussion>
		o.printbytes is a debug tool, that prints the index, ASCII, Decimal and Hex values of each byte in an odot bundle to the Max Window. Its primary use is in testing new OSC encoders and debugging faulty network packets.
	</discussion>

	<!--SEEALSO-->
	<seealsolist>
		<seealso name="o.print" />
	</seealsolist>

	<misc name = "Input">
		<entry name ="Inlet 1 (FullPacket)">
			<description>
				An odot bundle to print.
			</description>
		</entry>
	</misc>

	<misc name = "Output">
		<entry name ="Outlet 1 (FullPacket)">
			<description>
				The resulting odot bundle (FullPacket).
			</description>
		</entry>
	</misc>

	<misc name = "Discussion">
		<entry name ="More details">
			<description>
				o.printbytes is a debug tool, that prints the index, ASCII, Decimal and Hex values of each byte in an odot bundle to the Max Window. Its primary use is in testing new OSC encoders and debugging faulty network packets.
			</description>
		</entry>
		<entry name ="Keywords">
			<description>
				odot, address, bundle
			</description>
		</entry>
	</misc>

</c74object>