<?xml version="1.0" encoding="utf-8" standalone="yes"?>
<?xml-stylesheet href="./_c74_ref.xsl" type="text/xsl"?>

<c74object name="o.route" module="odot">

	<digest>
		Dispatch OSC messages according to an address hierarchy stripping off the portion of the address that matched
	</digest>

	<description>
		o.route does pattern matching on addresses contained in OSC packets.  All messages in a bundle with addresses that match an address specified as an argument to o.route are bundled together and sent out the corresponding outlet with the portion of the address that match removed.
	</description>

	<!--METADATA-->
	<metadatalist>
		<metadata name="author">CNMAT</metadata>
		<metadata name="tag">odot</metadata>
		<metadata name="tag">odot objects</metadata>
	</metadatalist>

	<!--INLETS-->
	<inletlist>
		<inlet id="0" type="FullPacket">
			<digest>
				OSC packet
			</digest>
			<description>
				An odot bundle to perform pattern-matching on.
			</description>
		</inlet>
	</inletlist>

	<!--OUTLETS-->
	<outletlist>
		<outlet id="0" type="anything">
			<digest>
				Result of pattern-matching
			</digest>
			<description>
				Depending on the kinds of data available in the incoming bundle, o.route will return the results of the pattern matching as Max-friendly tokens (integers, floats, symbols, lists).
			</description>
		</outlet>
	</outletlist>

	<!--ARGUMENTS-->
	<objarglist>
		<objarg name="argument" optional="1" type="OSC address">
			<digest>
				Specify an address or a pattern to match
			</digest>
			<description>
				Each argument of o.route creates a dedicated outlet for output of the pattern matching. The right-most outlet is used for all unmatched addresses and data in an incoming bundle (delegation).
			</description>
		</objarg>
	</objarglist>

	<!--MESSAGES-->
	<methodlist>
		<method name="FullPacket [variable]">
			<arglist />
			<digest>
				Process an odot bundle
			</digest>
			<description>
				o.route will perform pattern matching on all of the addresses in an incoming bundle. Data extracted from matched addresses will be sent out of the corresponding outlet(s). Unmatched data will be sent out of the delegation (right-most) outlet.
			</description>
		</method>
		<method name="anything [variable]">
			<arglist />
			<digest>
				Process a Max OSC message
			</digest>
			<description>
				o.route will attempt to perform pattern matching on an incoming textual representation of OSC.
			</description>
		</method>
		<method name="dictionary [variable]">
			<arglist />
			<digest>
				Process a Max dictionary
			</digest>
			<description>
				o.route will convert the Max dictionary to an odot bundle and process the bundle as it would a FullPacket.
			</description>
		</method>
		<method name="doc">
			<arglist />
			<digest>
				Output an odot bundle containing the documentation of the object
			</digest>
			<description>
				Outputs an odot bundle containing object name, short and long descriptions of object operation, inlet and outlet information, and see also (where available).
			</description>
		</method>
		<method name="set">
			<arglist />
			<digest>
				Specify the address to extract data from
			</digest>
			<description>
				The message "set [index] [address]" sent to an instance of o.route will replace the address provided as an argument to a new address. You may not set addresses to indices outside of the creation arguments of the object.
			</description>
		</method>
		<method name="version">
			<arglist />
			<digest>
				Get current version information
			</digest>
			<description>
				Prints the current odot build version to the Max Window.
			</description>
		</method>
	</methodlist>

	<!--DISCUSSION-->
	<discussion>
		o.route is the conceptual opposite of o.pack -- it can be used to translate values from odot back into Max. Note that o.route can also output bundles (if the address contains a sub-bundle, or if the pattern matching applies to more than one address), and therefore is a robust filter for odot bundles.
	</discussion>

	<!--SEEALSO-->
	<seealsolist>
		<seealso name="o.pack" />
		<seealso name="o.select" />
		<seealso name="route" />
	</seealsolist>

	<misc name = "Input">
		<entry name ="Inlet 1 (FullPacket)">
			<description>
				An odot bundle to extract data from.
			</description>
		</entry>
	</misc>

	<misc name = "Output">
		<entry name ="Outlet n (anything)">
			<description>
				Data bound to the corresponding OSC address without the address.
			</description>
		</entry>
	</misc>

	<misc name = "Discussion">
		<entry name ="More details">
			<description>
				o.route is the conceptual opposite of o.pack -- it can be used to translate values from odot back into Max. Note that o.route can also output bundles (if the address contains a sub-bundle, or if the pattern matching applies to more than one address), and therefore is a robust filter for odot bundles.
			</description>
		</entry>
		<entry name ="Keywords">
			<description>
				odot, address, bundle
			</description>
		</entry>
	</misc>

</c74object>