<?xml version="1.0" encoding="utf-8" standalone="yes"?>
<?xml-stylesheet href="./_c74_ref.xsl" type="text/xsl"?>

<c74object name="o.select" module="odot">

	<digest>
		Dispatch OSC messages according to an address hierarchy preserving the address
	</digest>

	<description>
		o.select does pattern matching on addresses contained in odot bundles. All messages in a bundle with addresses that match an address specified as an argument to o.select are bundled together and sent out the corresponding outlet with their addresses kept intact.
	</description>

	<!--METADATA-->
	<metadatalist>
		<metadata name="author">CNMAT</metadata>
		<metadata name="tag">odot</metadata>
		<metadata name="tag">odot objects</metadata>
	</metadatalist>

	<!--INLETS-->
	<inletlist>
		<inlet id="0" type="FullPacket">
			<digest>
				odot bundle
			</digest>
			<description>
				An odot bundle to perform pattern-matching on.
			</description>
		</inlet>
	</inletlist>

	<!--OUTLETS-->
	<outletlist>
		<outlet id="0" type="FullPacket">
			<digest>
				Result of pattern-matching
			</digest>
			<description>
				odot bundles containing matched addresses from an incoming bundle are sent out from the outlets corresponding to the creation arguments. Unmatched addresses are sent out the delegation (right-most) outlet.
			</description>
		</outlet>
	</outletlist>

	<!--ARGUMENTS-->
	<objarglist>
		<objarg name="argument" optional="1" type="OSC address">
			<digest>
				Specify an address or a pattern to match
			</digest>
			<description>
				Each argument of o.select creates a dedicated outlet for output of the pattern matching. The right-most outlet is used for all unmatched addresses and data in an incoming bundle (delegation).
			</description>
		</objarg>
	</objarglist>

	<!--MESSAGES-->
	<methodlist>
		<method name="FullPacket [variable]">
			<arglist />
			<digest>
				Process an odot bundle
			</digest>
			<description>
				o.select will perform pattern matching on all of the addresses in an incoming bundle. Bundles containing matched addresses will be sent out of the corresponding outlet(s). Unmatched addresses and data will be sent out of the delegation (right-most) outlet.
			</description>
		</method>
		<method name="anything [variable]">
			<arglist />
			<digest>
				Process a Max OSC message
			</digest>
			<description>
				o.select will attempt to perform pattern matching on an incoming textual representation of OSC.
			</description>
		</method>
		<method name="dictionary [variable]">
			<arglist />
			<digest>
				Process a Max dictionary
			</digest>
			<description>
				o.select will convert the Max dictionary to an odot bundle and process the bundle as it would a FullPacket.
			</description>
		</method>
		<method name="doc">
			<arglist />
			<digest>
				Output an odot bundle containing the documentation of the object
			</digest>
			<description>
				Outputs an odot bundle containing object name, short and long descriptions of object operation, inlet and outlet information, and see also (where available).
			</description>
		</method>
		<method name="set">
			<arglist />
			<digest>
				Specify the address to extract data from
			</digest>
			<description>
				The message "set [index] [address]" sent to an instance of o.route will replace the address provided as an argument to a new address. You may not set addresses to indices outside of the creation arguments of the object.
			</description>
		</method>
		<method name="version">
			<arglist />
			<digest>
				Get current version information
			</digest>
			<description>
				Prints the current odot build version to the Max Window.
			</description>
		</method>
	</methodlist>

	<!--DISCUSSION-->
	<discussion>
		o.select is similar to o.route -- except that it does not strip the data from the address. Instead, o.select outputs odot bundles containing the results of pattern matching with addresses intact. Use it as a filter for addresses in your odot patches.
	</discussion>

	<!--SEEALSO-->
	<seealsolist>
		<seealso name="o.route" />
	</seealsolist>

	<misc name = "Input">
		<entry name ="Inlet 1 (FullPacket)">
			<description>
				An odot bundle to perform pattern matching on.
			</description>
		</entry>
	</misc>

	<misc name = "Output">
		<entry name ="Outlet 1 (FullPacket)">
			<description>
				Results of pattern matches.
			</description>
		</entry>
	</misc>

	<misc name = "Discussion">
		<entry name ="More details">
			<description>
				o.select is similar to o.route -- except that it does not strip the data from the address. Instead, o.select outputs odot bundles containing the results of pattern matching with addresses intact. Use it as a filter for addresses in your odot patches.
			</description>
		</entry>
		<entry name ="Keywords">
			<description>
				odot, address, bundle
			</description>
		</entry>
	</misc>

</c74object>