<?xml version='1.0' encoding='iso-8859-1' standalone='yes' ?>

<jamoma version='0.4'
		xmlns:xsi='http://www.w3.org/2001/XMLSchema-instance'
		xsi:schemaLocation='http://jamoma.org/ file:jamoma.xsd'
>
  <preset number='1' name='default'>
    <item name='/grain/function' type='string' priority='3' mixweight='1'>0</item>
    <item name='/grain/function/parameter1' type='decimal' priority='5' mixweight='1'>0</item>
    <item name='/grain/function/parameter2' type='decimal' priority='4' mixweight='1'>0</item>
    <item name='/grain/function/symmetry' type='string' priority='3' mixweight='1'>0</item>
    <item name='/grain/in/module/instance' type='integer' priority='2' mixweight='1'>0</item>
    <item name='/grain/in/module/listindex' type='integer' priority='0' mixweight='1'>0</item>
    <item name='/grain/in/module/name' type='string' priority='1' mixweight='1'>0</item>
    <item name='/grain/in/module/parameter' type='string' priority='6' mixweight='1'>0</item>
    <item name='/grain/mute' type='boolean' priority='0' mixweight='1'>0</item>
    <item name='/grain/offset' type='decimal' priority='0' mixweight='1'>0</item>
    <item name='/grain/ramp/time' type='integer' priority='0' mixweight='1'>0</item>
    <item name='/grain/scale/bypass' type='boolean' priority='0' mixweight='1'>1</item>
    <item name='/grain/scale/input/max' type='decimal' priority='0' mixweight='1'>0</item>
    <item name='/grain/scale/input/min' type='decimal' priority='0' mixweight='1'>0</item>
    <item name='/grain/scale/max' type='decimal' priority='0' mixweight='1'>1.000000</item>
    <item name='/grain/scale/min' type='decimal' priority='0' mixweight='1'>0</item>
    <item name='/grain/scale/mode' type='integer' priority='0' mixweight='1'>0</item>
    <item name='/grain/slide/down' type='integer' priority='0' mixweight='1'>0</item>
    <item name='/grain/slide/up' type='integer' priority='0' mixweight='1'>0</item>
    <item name='/onsetVar/function' type='string' priority='3' mixweight='1'>0</item>
    <item name='/onsetVar/function/parameter1' type='decimal' priority='5' mixweight='1'>0</item>
    <item name='/onsetVar/function/parameter2' type='decimal' priority='4' mixweight='1'>0</item>
    <item name='/onsetVar/function/symmetry' type='string' priority='3' mixweight='1'>0</item>
    <item name='/onsetVar/in/module/instance' type='integer' priority='2' mixweight='1'>0</item>
    <item name='/onsetVar/in/module/listindex' type='integer' priority='0' mixweight='1'>0</item>
    <item name='/onsetVar/in/module/name' type='string' priority='1' mixweight='1'>0</item>
    <item name='/onsetVar/in/module/parameter' type='string' priority='6' mixweight='1'>0</item>
    <item name='/onsetVar/mute' type='boolean' priority='0' mixweight='1'>0</item>
    <item name='/onsetVar/offset' type='decimal' priority='0' mixweight='1'>0</item>
    <item name='/onsetVar/ramp/time' type='integer' priority='0' mixweight='1'>0</item>
    <item name='/onsetVar/scale/bypass' type='boolean' priority='0' mixweight='1'>1</item>
    <item name='/onsetVar/scale/input/max' type='decimal' priority='0' mixweight='1'>0</item>
    <item name='/onsetVar/scale/input/min' type='decimal' priority='0' mixweight='1'>0</item>
    <item name='/onsetVar/scale/max' type='decimal' priority='0' mixweight='1'>1.000000</item>
    <item name='/onsetVar/scale/min' type='decimal' priority='0' mixweight='1'>0</item>
    <item name='/onsetVar/scale/mode' type='integer' priority='0' mixweight='1'>0</item>
    <item name='/onsetVar/slide/down' type='integer' priority='0' mixweight='1'>0</item>
    <item name='/onsetVar/slide/up' type='integer' priority='0' mixweight='1'>0</item>
    <item name='/pVar/function' type='string' priority='3' mixweight='1'>0</item>
    <item name='/pVar/function/parameter1' type='decimal' priority='5' mixweight='1'>0</item>
    <item name='/pVar/function/parameter2' type='decimal' priority='4' mixweight='1'>0</item>
    <item name='/pVar/function/symmetry' type='string' priority='3' mixweight='1'>0</item>
    <item name='/pVar/in/module/instance' type='integer' priority='2' mixweight='1'>0</item>
    <item name='/pVar/in/module/listindex' type='integer' priority='0' mixweight='1'>0</item>
    <item name='/pVar/in/module/name' type='string' priority='1' mixweight='1'>0</item>
    <item name='/pVar/in/module/parameter' type='string' priority='6' mixweight='1'>0</item>
    <item name='/pVar/mute' type='boolean' priority='0' mixweight='1'>0</item>
    <item name='/pVar/offset' type='decimal' priority='0' mixweight='1'>0</item>
    <item name='/pVar/ramp/time' type='integer' priority='0' mixweight='1'>0</item>
    <item name='/pVar/scale/bypass' type='boolean' priority='0' mixweight='1'>1</item>
    <item name='/pVar/scale/input/max' type='decimal' priority='0' mixweight='1'>0</item>
    <item name='/pVar/scale/input/min' type='decimal' priority='0' mixweight='1'>0</item>
    <item name='/pVar/scale/max' type='decimal' priority='0' mixweight='1'>1.000000</item>
    <item name='/pVar/scale/min' type='decimal' priority='0' mixweight='1'>0</item>
    <item name='/pVar/scale/mode' type='integer' priority='0' mixweight='1'>0</item>
    <item name='/pVar/slide/down' type='integer' priority='0' mixweight='1'>0</item>
    <item name='/pVar/slide/up' type='integer' priority='0' mixweight='1'>0</item>
    <item name='/pitch/function' type='string' priority='3' mixweight='1'>0</item>
    <item name='/pitch/function/parameter1' type='decimal' priority='5' mixweight='1'>0</item>
    <item name='/pitch/function/parameter2' type='decimal' priority='4' mixweight='1'>0</item>
    <item name='/pitch/function/symmetry' type='string' priority='3' mixweight='1'>0</item>
    <item name='/pitch/in/module/instance' type='integer' priority='2' mixweight='1'>0</item>
    <item name='/pitch/in/module/listindex' type='integer' priority='0' mixweight='1'>0</item>
    <item name='/pitch/in/module/name' type='string' priority='1' mixweight='1'>0</item>
    <item name='/pitch/in/module/parameter' type='string' priority='6' mixweight='1'>0</item>
    <item name='/pitch/mute' type='boolean' priority='0' mixweight='1'>0</item>
    <item name='/pitch/offset' type='decimal' priority='0' mixweight='1'>0</item>
    <item name='/pitch/ramp/time' type='integer' priority='0' mixweight='1'>0</item>
    <item name='/pitch/scale/bypass' type='boolean' priority='0' mixweight='1'>1</item>
    <item name='/pitch/scale/input/max' type='decimal' priority='0' mixweight='1'>0</item>
    <item name='/pitch/scale/input/min' type='decimal' priority='0' mixweight='1'>0</item>
    <item name='/pitch/scale/max' type='decimal' priority='0' mixweight='1'>1.000000</item>
    <item name='/pitch/scale/min' type='decimal' priority='0' mixweight='1'>0</item>
    <item name='/pitch/scale/mode' type='integer' priority='0' mixweight='1'>0</item>
    <item name='/pitch/slide/down' type='integer' priority='0' mixweight='1'>0</item>
    <item name='/pitch/slide/up' type='integer' priority='0' mixweight='1'>0</item>
    <item name='/position/function' type='string' priority='3' mixweight='1'>0</item>
    <item name='/position/function/parameter1' type='decimal' priority='5' mixweight='1'>0</item>
    <item name='/position/function/parameter2' type='decimal' priority='4' mixweight='1'>0</item>
    <item name='/position/function/symmetry' type='string' priority='3' mixweight='1'>0</item>
    <item name='/position/in/module/instance' type='integer' priority='2' mixweight='1'>0</item>
    <item name='/position/in/module/listindex' type='integer' priority='0' mixweight='1'>0</item>
    <item name='/position/in/module/name' type='string' priority='1' mixweight='1'>0</item>
    <item name='/position/in/module/parameter' type='string' priority='6' mixweight='1'>0</item>
    <item name='/position/mute' type='boolean' priority='0' mixweight='1'>0</item>
    <item name='/position/offset' type='decimal' priority='0' mixweight='1'>0</item>
    <item name='/position/ramp/time' type='integer' priority='0' mixweight='1'>0</item>
    <item name='/position/scale/bypass' type='boolean' priority='0' mixweight='1'>1</item>
    <item name='/position/scale/input/max' type='decimal' priority='0' mixweight='1'>0</item>
    <item name='/position/scale/input/min' type='decimal' priority='0' mixweight='1'>0</item>
    <item name='/position/scale/max' type='decimal' priority='0' mixweight='1'>1.000000</item>
    <item name='/position/scale/min' type='decimal' priority='0' mixweight='1'>0</item>
    <item name='/position/scale/mode' type='integer' priority='0' mixweight='1'>0</item>
    <item name='/position/slide/down' type='integer' priority='0' mixweight='1'>0</item>
    <item name='/position/slide/up' type='integer' priority='0' mixweight='1'>0</item>
    <item name='/size/function' type='string' priority='3' mixweight='1'>0</item>
    <item name='/size/function/parameter1' type='decimal' priority='5' mixweight='1'>0</item>
    <item name='/size/function/parameter2' type='decimal' priority='4' mixweight='1'>0</item>
    <item name='/size/function/symmetry' type='string' priority='3' mixweight='1'>0</item>
    <item name='/size/in/module/instance' type='integer' priority='2' mixweight='1'>0</item>
    <item name='/size/in/module/listindex' type='integer' priority='0' mixweight='1'>0</item>
    <item name='/size/in/module/name' type='string' priority='1' mixweight='1'>0</item>
    <item name='/size/in/module/parameter' type='string' priority='6' mixweight='1'>0</item>
    <item name='/size/mute' type='boolean' priority='0' mixweight='1'>0</item>
    <item name='/size/offset' type='decimal' priority='0' mixweight='1'>0</item>
    <item name='/size/ramp/time' type='integer' priority='0' mixweight='1'>0</item>
    <item name='/size/scale/bypass' type='boolean' priority='0' mixweight='1'>1</item>
    <item name='/size/scale/input/max' type='decimal' priority='0' mixweight='1'>0</item>
    <item name='/size/scale/input/min' type='decimal' priority='0' mixweight='1'>0</item>
    <item name='/size/scale/max' type='decimal' priority='0' mixweight='1'>1.000000</item>
    <item name='/size/scale/min' type='decimal' priority='0' mixweight='1'>0</item>
    <item name='/size/scale/mode' type='integer' priority='0' mixweight='1'>0</item>
    <item name='/size/slide/down' type='integer' priority='0' mixweight='1'>0</item>
    <item name='/size/slide/up' type='integer' priority='0' mixweight='1'>0</item>
    <item name='/speed/function' type='string' priority='3' mixweight='1'>0</item>
    <item name='/speed/function/parameter1' type='decimal' priority='5' mixweight='1'>0</item>
    <item name='/speed/function/parameter2' type='decimal' priority='4' mixweight='1'>0</item>
    <item name='/speed/function/symmetry' type='string' priority='3' mixweight='1'>0</item>
    <item name='/speed/in/module/instance' type='integer' priority='2' mixweight='1'>0</item>
    <item name='/speed/in/module/listindex' type='integer' priority='0' mixweight='1'>0</item>
    <item name='/speed/in/module/name' type='string' priority='1' mixweight='1'>0</item>
    <item name='/speed/in/module/parameter' type='string' priority='6' mixweight='1'>0</item>
    <item name='/speed/mute' type='boolean' priority='0' mixweight='1'>0</item>
    <item name='/speed/offset' type='decimal' priority='0' mixweight='1'>0</item>
    <item name='/speed/ramp/time' type='integer' priority='0' mixweight='1'>0</item>
    <item name='/speed/scale/bypass' type='boolean' priority='0' mixweight='1'>1</item>
    <item name='/speed/scale/input/max' type='decimal' priority='0' mixweight='1'>0</item>
    <item name='/speed/scale/input/min' type='decimal' priority='0' mixweight='1'>0</item>
    <item name='/speed/scale/max' type='decimal' priority='0' mixweight='1'>1.000000</item>
    <item name='/speed/scale/min' type='decimal' priority='0' mixweight='1'>0</item>
    <item name='/speed/scale/mode' type='integer' priority='0' mixweight='1'>0</item>
    <item name='/speed/slide/down' type='integer' priority='0' mixweight='1'>0</item>
    <item name='/speed/slide/up' type='integer' priority='0' mixweight='1'>0</item>
    <item name='/trig/function' type='string' priority='3' mixweight='1'>0</item>
    <item name='/trig/function/parameter1' type='decimal' priority='5' mixweight='1'>0</item>
    <item name='/trig/function/parameter2' type='decimal' priority='4' mixweight='1'>0</item>
    <item name='/trig/function/symmetry' type='string' priority='3' mixweight='1'>0</item>
    <item name='/trig/in/module/instance' type='integer' priority='2' mixweight='1'>0</item>
    <item name='/trig/in/module/listindex' type='integer' priority='0' mixweight='1'>0</item>
    <item name='/trig/in/module/name' type='string' priority='1' mixweight='1'>0</item>
    <item name='/trig/in/module/parameter' type='string' priority='6' mixweight='1'>0</item>
    <item name='/trig/mute' type='boolean' priority='0' mixweight='1'>0</item>
    <item name='/trig/offset' type='decimal' priority='0' mixweight='1'>0</item>
    <item name='/trig/ramp/time' type='integer' priority='0' mixweight='1'>0</item>
    <item name='/trig/scale/bypass' type='boolean' priority='0' mixweight='1'>1</item>
    <item name='/trig/scale/input/max' type='decimal' priority='0' mixweight='1'>0</item>
    <item name='/trig/scale/input/min' type='decimal' priority='0' mixweight='1'>0</item>
    <item name='/trig/scale/max' type='decimal' priority='0' mixweight='1'>1.000000</item>
    <item name='/trig/scale/min' type='decimal' priority='0' mixweight='1'>0</item>
    <item name='/trig/scale/mode' type='integer' priority='0' mixweight='1'>0</item>
    <item name='/trig/slide/down' type='integer' priority='0' mixweight='1'>0</item>
    <item name='/trig/slide/up' type='integer' priority='0' mixweight='1'>0</item>
    <item name='/turn/function' type='string' priority='3' mixweight='1'>0</item>
    <item name='/turn/function/parameter1' type='decimal' priority='5' mixweight='1'>0</item>
    <item name='/turn/function/parameter2' type='decimal' priority='4' mixweight='1'>0</item>
    <item name='/turn/function/symmetry' type='string' priority='3' mixweight='1'>0</item>
    <item name='/turn/in/module/instance' type='integer' priority='2' mixweight='1'>0</item>
    <item name='/turn/in/module/listindex' type='integer' priority='0' mixweight='1'>0</item>
    <item name='/turn/in/module/name' type='string' priority='1' mixweight='1'>0</item>
    <item name='/turn/in/module/parameter' type='string' priority='6' mixweight='1'>0</item>
    <item name='/turn/mute' type='boolean' priority='0' mixweight='1'>0</item>
    <item name='/turn/offset' type='decimal' priority='0' mixweight='1'>0</item>
    <item name='/turn/ramp/time' type='integer' priority='0' mixweight='1'>0</item>
    <item name='/turn/scale/bypass' type='boolean' priority='0' mixweight='1'>1</item>
    <item name='/turn/scale/input/max' type='decimal' priority='0' mixweight='1'>0</item>
    <item name='/turn/scale/input/min' type='decimal' priority='0' mixweight='1'>0</item>
    <item name='/turn/scale/max' type='decimal' priority='0' mixweight='1'>1.000000</item>
    <item name='/turn/scale/min' type='decimal' priority='0' mixweight='1'>0</item>
    <item name='/turn/scale/mode' type='integer' priority='0' mixweight='1'>0</item>
    <item name='/turn/slide/down' type='integer' priority='0' mixweight='1'>0</item>
    <item name='/turn/slide/up' type='integer' priority='0' mixweight='1'>0</item>
    <item name='audio/gain' type='decimal' priority='0' mixweight='1'>0.000000</item>
    <item name='audio/mute' type='boolean' priority='0' mixweight='1'>0</item>
    <item name='grain/duration' type='decimal' priority='0' mixweight='1'>450.000000</item>
    <item name='grain/overlap' type='integer' priority='0' mixweight='1'>50</item>
    <item name='grain/trigger' type='decimal' priority='0' mixweight='1'>0.000000</item>
    <item name='mapperGate/gain' type='integer' priority='0' mixweight='1'>0</item>
    <item name='mapperGate/onserVar' type='integer' priority='0' mixweight='1'>0</item>
    <item name='mapperGate/pitch' type='integer' priority='0' mixweight='1'>0</item>
    <item name='mapperGate/pitchVar' type='integer' priority='0' mixweight='1'>0</item>
    <item name='mapperGate/position' type='integer' priority='0' mixweight='1'>0</item>
    <item name='mapperGate/size' type='integer' priority='0' mixweight='1'>0</item>
    <item name='mapperGate/speed' type='integer' priority='0' mixweight='1'>0</item>
    <item name='mapperGate/trigger' type='integer' priority='0' mixweight='1'>0</item>
    <item name='mapperGate/turn' type='integer' priority='0' mixweight='1'>0</item>
    <item name='mod/gain' type='decimal' priority='0' mixweight='1'>0.000000</item>
    <item name='mod/onsetVar' type='decimal' priority='0' mixweight='1'>0.000000</item>
    <item name='mod/pitch' type='decimal' priority='0' mixweight='1'>0.000000</item>
    <item name='mod/pitchVar' type='decimal' priority='0' mixweight='1'>0.000000</item>
    <item name='mod/position' type='decimal' priority='0' mixweight='1'>0.000000</item>
    <item name='mod/size' type='decimal' priority='0' mixweight='1'>0.000000</item>
    <item name='mod/speed' type='decimal' priority='0' mixweight='1'>0.000000</item>
    <item name='mod/trigger' type='decimal' priority='0' mixweight='1'>0.000000</item>
    <item name='mod/turn' type='decimal' priority='0' mixweight='1'>0.000000</item>
    <item name='pitch/transpose' type='decimalArray' priority='0' mixweight='1'>0.000000</item>
    <item name='pitch/variation' type='decimal' priority='0' mixweight='1'>0.000000</item>
    <item name='position' type='decimal' priority='0' mixweight='1'>0.000000</item>
    <item name='position/onset_variation' type='decimal' priority='0' mixweight='1'>5.000000</item>
    <item name='position/speed' type='decimal' priority='0' mixweight='1'>1.000000</item>
    <item name='turn' type='decimal' priority='0' mixweight='1'>0.100000</item>
    <item name='turn/randomness' type='decimal' priority='0' mixweight='1'>0.200000</item>
    <item name='view/freeze' type='boolean' priority='0' mixweight='1'>0</item>
    <item name='view/highlight' type='string' priority='0' mixweight='1'>0</item>
  </preset>
</jamoma>
