<?xml version='1.0' encoding='iso-8859-1' standalone='yes' ?>

<jamoma version='0.4'
		xmlns:xsi='http://www.w3.org/2001/XMLSchema-instance'
		xsi:schemaLocation='http://jamoma.org/ file:jamoma.xsd'
>
  <preset number='1' name='default'>
    <item name='audio/gain' type='decimal' priority='0'>0.000000</item>
    <item name='audio/mute' type='boolean' priority='0'>0</item>
    <item name='lfo.1/depth' type='decimal' priority='1'>0.000000</item>
    <item name='lfo.1/frequency' type='decimal' priority='3'>0.000000</item>
    <item name='lfo.1/phase' type='decimal' priority='2'>0.000000</item>
    <item name='lfo.2/depth' type='decimal' priority='1'>0.000000</item>
    <item name='lfo.2/frequency' type='decimal' priority='3'>0.000000</item>
    <item name='lfo.2/phase' type='decimal' priority='2'>0.000000</item>
    <item name='lfo.3/depth' type='decimal' priority='1'>0.000000</item>
    <item name='lfo.3/frequency' type='decimal' priority='3'>0.000000</item>
    <item name='lfo.3/phase' type='decimal' priority='2'>0.000000</item>
    <item name='lfo.4/depth' type='decimal' priority='1'>0.000000</item>
    <item name='lfo.4/frequency' type='decimal' priority='3'>0.000000</item>
    <item name='lfo.4/phase' type='decimal' priority='2'>0.000000</item>
    <item name='lfo.5/depth' type='decimal' priority='1'>0.000000</item>
    <item name='lfo.5/frequency' type='decimal' priority='3'>0.000000</item>
    <item name='lfo.5/phase' type='decimal' priority='2'>0.000000</item>
    <item name='lfo.6/depth' type='decimal' priority='1'>0.000000</item>
    <item name='lfo.6/frequency' type='decimal' priority='3'>0.000000</item>
    <item name='lfo.6/phase' type='decimal' priority='2'>0.000000</item>
    <item name='lfo.7/depth' type='decimal' priority='1'>0.000000</item>
    <item name='lfo.7/frequency' type='decimal' priority='3'>0.000000</item>
    <item name='lfo.7/phase' type='decimal' priority='2'>0.000000</item>
    <item name='lfo.8/depth' type='decimal' priority='1'>0.000000</item>
    <item name='lfo.8/frequency' type='decimal' priority='3'>0.000000</item>
    <item name='lfo.8/phase' type='decimal' priority='2'>0.000000</item>
    <item name='numChannels' type='integer' priority='0'>8</item>
    <item name='view/color/border' type='array' priority='0'>0</item>
    <item name='view/color/contentBackground' type='array' priority='0'>0</item>
    <item name='view/color/toolbarBackground' type='array' priority='0'>0</item>
    <item name='view/color/toolbarText' type='array' priority='0'>0</item>
    <item name='view/freeze' type='boolean' priority='0'>0</item>
    <item name='view/size' type='array' priority='0'>300 105 </item>
  </preset>
</jamoma>
