<?xml version="1.0" standalone="yes" encoding="UTF-8"?><ambiscore version="1.0">	<xyz-def handedness="right" x-axis="right" />	<snapshot index = "square">		<point>			<number>1</number>			<xyz>-0.707107 0.707107 0.000000</xyz>		</point>		<point>			<number>2</number>			<xyz>0.707107 0.707107 0.000000</xyz>		</point>		<point>			<number>3</number>			<xyz>0.707107 -0.707107 0.000000</xyz>		</point>		<point>			<number>4</number>			<xyz>-0.707106 -0.707107 0.000000</xyz>		</point>	</snapshot>	<snapshot index = "hexagon">		<point>			<number>1</number>			<xyz>-0.500000 0.866025 0.000000</xyz>		</point>		<point>			<number>2</number>			<xyz>0.500000 0.866025 0.000000</xyz>		</point>		<point>			<number>3</number>			<xyz>1.000000 0.000000 0.000000</xyz>		</point>		<point>			<number>4</number>			<xyz>0.500000 -0.866025 0.000000</xyz>		</point>		<point>			<number>5</number>			<xyz>-0.499999 -0.866026 0.000000</xyz>		</point>		<point>			<number>6</number>			<xyz>-1.000000 -0.000000 0.000000</xyz>		</point>	</snapshot>	<snapshot index = "octagon">		<point>			<number>1</number>			<xyz>-0.382684 0.923879 0.000000</xyz>		</point>		<point>			<number>2</number>			<xyz>0.382683 0.923880 0.000000</xyz>		</point>		<point>			<number>3</number>			<xyz>0.923880 0.382683 0.000000</xyz>		</point>		<point>			<number>4</number>			<xyz>0.923880 -0.382683 0.000000</xyz>		</point>		<point>			<number>5</number>			<xyz>0.382683 -0.923880 0.000000</xyz>		</point>		<point>			<number>6</number>			<xyz>-0.382683 -0.923880 0.000000</xyz>		</point>		<point>			<number>7</number>			<xyz>-0.923879 -0.382684 0.000000</xyz>		</point>		<point>			<number>8</number>			<xyz>-0.923880 0.382683 0.000000</xyz>		</point>	</snapshot>	<snapshot index = "3D_cube">		<point>			<number>1</number>			<xyz>-0.500000 0.500000 0.707107</xyz>		</point>		<point>			<number>2</number>			<xyz>0.500000 0.500000 0.707107</xyz>		</point>		<point>			<number>3</number>			<xyz>0.500000 -0.500000 0.707107</xyz>		</point>		<point>			<number>4</number>			<xyz>-0.500000 -0.500000 0.707107</xyz>		</point>		<point>			<number>5</number>			<xyz>-0.500000 0.500000 -0.707107</xyz>		</point>		<point>			<number>6</number>			<xyz>0.500000 0.500000 -0.707107</xyz>		</point>		<point>			<number>7</number>			<xyz>0.500000 -0.500000 -0.707107</xyz>		</point>		<point>			<number>8</number>			<xyz>-0.500000 -0.500000 -0.707107</xyz>		</point>	</snapshot>	<snapshot index = "5.1_ITU">		<point>			<number>1</number>			<xyz>-0.500000 0.866025 0.000000</xyz>		</point>		<point>			<number>2</number>			<xyz>-0.000000 1.000000 0.000000</xyz>		</point>		<point>			<number>3</number>			<xyz>0.500000 0.866025 0.000000</xyz>		</point>		<point>			<number>4</number>			<xyz>0.939693 -0.342020 0.000000</xyz>		</point>		<point>			<number>5</number>			<xyz>-0.939692 -0.342021 0.000000</xyz>		</point>	</snapshot>	<snapshot index = "12(8+4)">		<point>			<number>1</number>			<xyz>-0.707107 0.707107 0.000000</xyz>		</point>		<point>			<number>2</number>			<xyz>-0.000000 1.000000 0.000000</xyz>		</point>		<point>			<number>3</number>			<xyz>0.707107 0.707107 0.000000</xyz>		</point>		<point>			<number>4</number>			<xyz>1.000000 0.000000 0.000000</xyz>		</point>		<point>			<number>5</number>			<xyz>0.707107 -0.707107 0.000000</xyz>		</point>		<point>			<number>6</number>			<xyz>0.000001 -1.000000 0.000000</xyz>		</point>		<point>			<number>7</number>			<xyz>-0.707106 -0.707107 0.000000</xyz>		</point>		<point>			<number>8</number>			<xyz>-1.000000 -0.000000 0.000000</xyz>		</point>		<point>			<number>9</number>			<xyz>-0.650000 0.650000 0.707107</xyz>		</point>		<point>			<number>10</number>			<xyz>0.650000 0.650000 0.707107</xyz>		</point>		<point>			<number>11</number>			<xyz>0.650000 -0.650000 0.707107</xyz>		</point>		<point>			<number>12</number>			<xyz>-0.650000 -0.650000 0.707107</xyz>		</point>	</snapshot></ambiscore>