<?xml version="1.0" standalone="yes" encoding="UTF-8"?><ambiscore version="1.0">	<xyz-def handedness="right" x-axis="right" />	<snapshot index = "0">		<point>			<number>1</number>			<xyz>-0.394966 -0.001558 0.000000</xyz>		</point>		<point>			<number>2</number>			<xyz>-0.192612 0.340774 0.000000</xyz>		</point>		<point>			<number>3</number>			<xyz>0.190970 0.335107 0.000000</xyz>		</point>		<point>			<number>4</number>			<xyz>0.409149 -0.009794 0.000000</xyz>		</point>		<point>			<number>5</number>			<xyz>0.245965 -0.322461 0.000000</xyz>		</point>		<point>			<number>6</number>			<xyz>-0.192363 -0.338120 0.000000</xyz>		</point>	</snapshot>	<snapshot index = "1">		<point>			<number>1</number>			<xyz>-0.974961 -0.003845 0.000000</xyz>		</point>		<point>			<number>2</number>			<xyz>-0.478005 0.845700 0.000000</xyz>		</point>		<point>			<number>3</number>			<xyz>0.478140 0.839025 0.000000</xyz>		</point>		<point>			<number>4</number>			<xyz>0.988983 -0.023674 0.000000</xyz>		</point>		<point>			<number>5</number>			<name>sf</name>			<xyz>0.597724 -0.783618 0.000000</xyz>		</point>		<point>			<number>6</number>			<name>sf</name>			<xyz>-0.479168 -0.842246 0.000000</xyz>		</point>	</snapshot>	<snapshot index = "2">		<point>			<number>1</number>			<xyz>-0.647375 0.547879 0.000000</xyz>		</point>		<point>			<number>2</number>			<xyz>0.582340 0.526735 0.000000</xyz>		</point>		<point>			<number>3</number>			<xyz>0.426416 -0.626493 0.000000</xyz>		</point>		<point>			<number>4</number>			<xyz>-0.692051 -0.549537 0.000000</xyz>		</point>		<point>			<number>5</number>			<name>sf</name>			<xyz>0.390828 -0.085342 0.000000</xyz>		</point>		<point>			<number>6</number>			<name>sf</name>			<xyz>-0.418823 -0.023280 0.000000</xyz>		</point>	</snapshot>	<snapshot index = "3">		<point>			<number>1</number>			<xyz>-0.345651 0.323741 0.000000</xyz>		</point>		<point>			<number>2</number>			<xyz>0.280616 0.380183 0.000000</xyz>		</point>		<point>			<number>3</number>			<xyz>0.288485 -0.247182 0.000000</xyz>		</point>		<point>			<number>4</number>			<xyz>-0.442051 -0.282295 0.000000</xyz>		</point>		<point>			<number>5</number>			<name>sf</name>			<xyz>0.071862 -0.602583 0.000000</xyz>		</point>		<point>			<number>6</number>			<name>sf</name>			<xyz>-0.030892 0.657754 0.000000</xyz>		</point>	</snapshot></ambiscore>